Score,Lona,Dirección,Año construcción,Lat,Lng,Link Google Maps,Tipo techo,Descripción del daño,Folio,Estado,Contactado (sí/no),Daño confirmado (sí/no/no visible),Notas del setter
5,SÍ (azul),"14112 SW 153 TER, Unincorporated County, FL 33177",1999,25.62463565318936,-80.42159688913195,"https://maps.google.com/?q=25.62463565318936,-80.42159688913195",tile,"Blue material detected on the roof of the center house, but lacks clear physical evidence of a tarp such as wrinkles or sandbag weights. The blue appears to be a discoloration rather than a confirmed tarp. no damage visible",3059270301410,revisar,,,
9,SÍ (azul),"14240 SW 166 ST, Unincorporated County, FL 33177",1997,25.61295631489028,-80.42307063628004,"https://maps.google.com/?q=25.61295631489028,-80.42307063628004",tile,"Bluish discoloration on the roof of the center house suggests the presence of a tarp, but there is no clear physical evidence such as wrinkles or folds to confirm it as a real emergency tarp. visible patches at roof edge and sagging sections",3059270271190,confirmado,,,
7,SÍ (azul),"520 NW 44 ST, Miami, FL 33127",1924,25.815894202028197,-80.20413761544815,"https://maps.google.com/?q=25.815894202028197,-80.20413761544815",flat,"The aerial view shows a blue tarp covering the entire flat roof of the house, while the street view reveals the tarp is smooth and tightly draped with its edges hanging slightly over the sides.",0131240030961,confirmado,,,
9,SÍ (azul),"1340 E 8 AVE, Hialeah, FL 33010",1949,25.83475196206269,-80.26604224973651,"https://maps.google.com/?q=25.83475196206269,-80.26604224973651",tile,"Bluish discoloration on the roof of the center house, but lacks clear physical evidence of a tarp such as wrinkles or folds. The blue material appears to be aged or possibly a tarp, but it is not definitively confirmed. visible patches at roof edge",0431170071540,confirmado,,,
9,SÍ (azul),"10411 NW 33 AVE, Unincorporated County, FL 33147",1975,25.869006773527307,-80.25304621137008,"https://maps.google.com/?q=25.869006773527307,-80.25304621137008",tile,"Bluish discoloration on the roof of the center house, but lacks clear physical evidence of a tarp such as wrinkles or folds. The blue material appears to be aged or ambiguous, warranting a visit. visible patches at roof edge and sagging sections",3021330023350,confirmado,,,
9,SÍ (azul),"16986 SW 145 AVE, Unincorporated County, FL 33177",1993,25.609253991594517,-80.42787475435141,"https://maps.google.com/?q=25.609253991594517,-80.42787475435141",tile,"Bluish discoloration on the roof of the center house suggests possible tarp material, but there is no clear physical evidence of a tarp such as wrinkles or sandbags. The roof appears to be in fair condition with no visible missing tiles. tarp covering part of the roof",3059340030440,confirmado,,,
7,SÍ (azul),"11120 SW 2 ST, Sweetwater, FL 33174",1956,25.766261361066473,-80.37612768350712,"https://maps.google.com/?q=25.766261361066473,-80.37612768350712",tile,"The aerial view shows a blue tarp covering nearly all of the rear slope of the tile roof, while the street view reveals the tarp is smooth and tightly draped with its edges hanging slightly over the sides.",2540060011142,confirmado,,,
9,SÍ (azul),"5770 SW 50 TER, Unincorporated County, FL 33155",1947,25.724160117431374,-80.28740562181228,"https://maps.google.com/?q=25.724160117431374,-80.28740562181228",tile,"The blue material is located on the center section of the roof, covering approximately half of the roof area. The edges of the material are not clearly visible, and there are no apparent wrinkles or weights observed. visible patches at roof edge",3040240200100,revisar,,,
9,SÍ (azul),"3040 NW 14 ST, Miami, FL 33125",1966,25.786342299913223,-80.24464841389727,"https://maps.google.com/?q=25.786342299913223,-80.24464841389727",tile,"Bluish discoloration detected on the roof of the CENTER house, but lacks clear physical evidence of a tarp such as wrinkles or sandbags. The condition appears to be ambiguous, warranting a visit. visible patches at roof edge and sagging sections",0131330220490,confirmado,,,
9,SÍ (azul),"840 NW 30 CT, Miami, FL 33125",1946,25.78118431221544,-80.24495483940564,"https://maps.google.com/?q=25.78118431221544,-80.24495483940564",tile,"Bluish discoloration on the roof of the center house, but lacks clear physical evidence of a tarp such as wrinkles or folds. The material appears to be aged or possibly a reflection, making it ambiguous. visible patches at roof edge",0131330200110,confirmado,,,
9,SÍ (azul),"9980 SW 42 TER, Unincorporated County, FL 33165",1952,25.728229052644227,-80.35727424068475,"https://maps.google.com/?q=25.728229052644227,-80.35727424068475",tile,"The blue covering is located on the left section of the center house roof, approximately covering half of the roof area. The texture of the material is not clearly visible, and there are no evident wrinkles or edges hanging over. visible patches at roof edge",3040200041680,confirmado,,,
7,SÍ (azul),"4806 E 9 LN, Hialeah, FL 33013",1944,25.86612772613083,-80.26394863434749,"https://maps.google.com/?q=25.86612772613083,-80.26394863434749",flat,"The aerial view shows a blue tarp covering nearly the entire flat roof, while the street view reveals it is tightly draped with smooth edges, creating a taut appearance.",0431050010530,confirmado,,,
9,SÍ (azul),"12010 SW 213 TER, Unincorporated County, FL 33177",1955,25.568151690524918,-80.3872214518374,"https://maps.google.com/?q=25.568151690524918,-80.3872214518374",tile,"The blue material appears to cover a significant portion of the center house roof, primarily on the upper section. The edges of the material are not clearly visible, and there are no evident wrinkles or weights observed. visible patches at roof edge",3069120081420,revisar,,,
5,SÍ (azul),"13985 SW 154 ST, Unincorporated County, FL 33177",2000,25.624406034299255,-80.4202205399887,"https://maps.google.com/?q=25.624406034299255,-80.4202205399887",tile,"Blue material is visible on the roof of the center house, but there is no strong physical evidence of a tarp, such as wrinkles or folds. The roof shows some discoloration, suggesting possible deterioration. no damage visible",3059270301630,revisar,,,
9,SÍ (azul),"12020 SW 187 TER, Unincorporated County, FL 33177",1957,25.593555345002837,-80.38759428095787,"https://maps.google.com/?q=25.593555345002837,-80.38759428095787",tile,"The blue covering is located on the center section of the roof, approximately covering a quarter of the roof area. The edges of the covering are not clearly visible, and there are no apparent wrinkles or weights observed. visible patches at roof edge",3060060015940,revisar,,,
7,SÍ (azul),"9480 NW 3 AVE, Unincorporated County, FL 33150",1930,25.86175630386369,-80.2038602973104,"https://maps.google.com/?q=25.86175630386369,-80.2038602973104",tile,"The aerial view shows a blue tarp covering a significant portion of the left slope of the tile roof, while the street view reveals the tarp is tightly draped with vibrant blue color and edges secured without visible hanging.",3031010031710,confirmado,,,
9,SÍ (azul),"14280 SW 166 ST, Unincorporated County, FL 33177",1997,25.612939737938166,-80.42378747344823,"https://maps.google.com/?q=25.612939737938166,-80.42378747344823",tile,"Bluish discoloration on the roof of the center house, which could be aged tarp material but lacks clear physical evidence of a tarp being draped over the roof. tarp visible on roof",3059270271230,confirmado,,,
9,SÍ (azul),"16975 SW 141 AVE, Unincorporated County, FL 33177",1997,25.609594992028644,-80.42210271401865,"https://maps.google.com/?q=25.609594992028644,-80.42210271401865",tile,"Bluish discoloration on the roof of the center house, but lacks clear physical evidence of a tarp such as wrinkles or folds. The material appears to be aged or ambiguous, warranting a visit. visible patches at roof edge",3059270273930,confirmado,,,
9,SÍ (azul),"2861 NW 103 ST, Unincorporated County, FL 33147",1958,25.868360229014474,-80.24468683972323,"https://maps.google.com/?q=25.868360229014474,-80.24468683972323",tile,"Blue material detected on the roof of the center house, but lacks clear physical evidence of a tarp such as wrinkles or folds. The roof shows signs of possible deterioration, making it ambiguous and worth a visit. tarp covering part of the roof",3021330021090,confirmado,,,
9,SÍ (azul),"1521 NW 36 AVE, Miami, FL 33125",1948,25.788441047139305,-80.25342499693222,"https://maps.google.com/?q=25.788441047139305,-80.25342499693222",tile,"Bluish discoloration on the roof of the center house, but lacks clear physical evidence of a tarp such as wrinkles or folds. The material appears to be aged and may not be a confirmed tarp. visible patches at roof edge",0131330144580,confirmado,,,
7,SÍ (azul),"3515 NW 103 ST, Unincorporated County, FL 33147",1930,25.867930011283843,-80.2552642108234,"https://maps.google.com/?q=25.867930011283843,-80.2552642108234",tile,"The blue material appears to cover a section of the center house roof, primarily on the left side. The coverage area seems to be approximately one-third of the roof, but there are no visible wrinkles, sandbags, or draped edges, making the texture unclear. no damage visible",3021330030120,confirmado,,,
7,SÍ (azul),"174 W 30 ST, Hialeah, FL 33012",1948,25.84885832176371,-80.28569493451162,"https://maps.google.com/?q=25.84885832176371,-80.28569493451162",flat,"The aerial view shows a blue tarp covering a significant portion of the rear slope of the flat roof, while the street view reveals the tarp is smooth and tightly draped with its edges hanging slightly over the sides.",0431070100880,confirmado,,,
9,SÍ (azul),"9770 WAYNE AVE, Palmetto Bay, FL 33157",1946,25.601700108690796,-80.35003856052974,"https://maps.google.com/?q=25.601700108690796,-80.35003856052974",tile,"The blue covering is located on the center section of the roof, approximately covering half of the roof area. The texture of the material is not clearly visible, and there are no evident wrinkles or edges hanging over. visible patches at roof edge",3350320070290,revisar,,,
7,SÍ (azul),"118 E 45 ST, Hialeah, FL 33013",1941,25.86301894655696,-80.28034959467244,"https://maps.google.com/?q=25.86301894655696,-80.28034959467244",flat,"The blue tarp covers a significant portion of the rear slope of the flat roof, appearing slightly wrinkled and draped loosely with hanging edges visible from the street.",0431060450220,confirmado,,,
